# hostname;interval;timestamp;pswpin/s;pswpout/s
ECSPGSQL;60;1431289299;0.00;0.00
ECSPGSQL;60;1431289359;0.00;0.00
ECSPGSQL;60;1431289419;0.00;0.00
ECSPGSQL;60;1431289479;0.00;0.00
ECSPGSQL;60;1431289539;0.00;0.00
ECSPGSQL;60;1431289599;0.00;0.00
ECSPGSQL;60;1431289659;0.00;0.00
ECSPGSQL;60;1431289719;0.00;0.00
ECSPGSQL;60;1431289779;0.00;0.00
ECSPGSQL;60;1431289839;0.00;0.00
ECSPGSQL;60;1431289899;0.00;0.00
ECSPGSQL;60;1431289959;0.00;0.00
ECSPGSQL;60;1431290019;0.00;0.00
ECSPGSQL;60;1431290079;0.00;0.00
ECSPGSQL;60;1431290139;0.00;0.00
